USE cofradia;

INSERT INTO `Dias` VALUE (1,'Domingo de Ramos','17:00');
INSERT INTO `Dias` VALUE (2,'Viernes Santo','6:00');

INSERT INTO `Cargos` VALUE (1,1,'Escolta Cruz de Guia','Oracion',6.00);
INSERT INTO `Cargos` VALUE (2,1,'Cruz de Guia','Oracion',3.00);
INSERT INTO `Cargos` VALUE (3,1,'Farol de Cruz de Guia','Oracion',3.00);
INSERT INTO `Cargos` VALUE (4,1,'Estandarte','Oracion',3.00);
INSERT INTO `Cargos` VALUE (5,1,'Diputado de Estandarte','Oracion',10.00);
INSERT INTO `Cargos` VALUE (6,1,'Senatus','Oracion',3.00);
INSERT INTO `Cargos` VALUE (7,1,'Diputado de Senatus','Oracion',10.00);
INSERT INTO `Cargos` VALUE (10,1,'Guion de San Bartolome','Oracion',3.00);
INSERT INTO `Cargos` VALUE (11,1,'Diputado de Guion de San Bartolome','Oracion',10.00);
INSERT INTO `Cargos` VALUE (8,1,'Libro de Reglas','Oracion',3.00);
INSERT INTO `Cargos` VALUE (9,1,'Diputado de Libro de Reglas','Oracion',10.00);
INSERT INTO `Cargos` VALUE (12,1,'Bandera Negra','Oracion',3.00);
INSERT INTO `Cargos` VALUE (13,1,'Diputado de Bandera Negra','Oracion',10.00);
INSERT INTO `Cargos` VALUE (14,1,'Regidor','Oracion',10.00);
INSERT INTO `Cargos` VALUE (15,1,'Canastilla','Oracion',10.00);
INSERT INTO `Cargos` VALUE (16,1,'Censor','Oracion',30.00);
INSERT INTO `Cargos` VALUE (17,1,'Segundo Censor','Oracion',30.00);
INSERT INTO `Cargos` VALUE (18,1,'Presidencia','Oracion',30.00);
INSERT INTO `Cargos` VALUE (19,1,'Capataz','Oracion',30.00);
INSERT INTO `Cargos` VALUE (20,1,'Segundo Capataz','Oracion',30.00);
INSERT INTO `Cargos` VALUE (21,1,'Auxiliar','Oracion',18.00);
INSERT INTO `Cargos` VALUE (22,1,'Bocina','Oracion',18.00);
INSERT INTO `Cargos` VALUE (23,1,'Manigueta DI','Oracion',18.00);
INSERT INTO `Cargos` VALUE (24,1,'Manigueta DD','Oracion',18.00);
INSERT INTO `Cargos` VALUE (25,1,'Manigueta TI','Oracion',18.00);
INSERT INTO `Cargos` VALUE (26,1,'Manigueta TD','Oracion',18.00);
INSERT INTO `Cargos` VALUE (27,1,'Penitente','Oracion',6.00);
INSERT INTO `Cargos` VALUE (28,1,'Penitente con Cruz','Oracion',6.00);
INSERT INTO `Cargos` VALUE (29,1,'Cirio','Oracion',6.00);
INSERT INTO `Cargos` VALUE (30,2,'Escolta Cruz de Guia','Señor',6.00);
INSERT INTO `Cargos` VALUE (31,2,'Cruz de Guia','Señor',3.00);
INSERT INTO `Cargos` VALUE (32,2,'Farol de Cruz de Guia','Señor',3.00);
INSERT INTO `Cargos` VALUE (33,2,'Estandarte','Señor',3.00);
INSERT INTO `Cargos` VALUE (34,2,'Diputado de Estandarte','Señor',10.00);
INSERT INTO `Cargos` VALUE (35,2,'Senatus','Señor',3.00);
INSERT INTO `Cargos` VALUE (36,2,'Diputado de Senatus','Señor',10.00);
INSERT INTO `Cargos` VALUE (37,2,'Guion de San Bartolome','Señor',3.00);
INSERT INTO `Cargos` VALUE (38,2,'Diputado de Guion de San Bartolome','Señor',10.00);
INSERT INTO `Cargos` VALUE (39,2,'Guion del IV Centenario','Señor',3.00);
INSERT INTO `Cargos` VALUE (40,2,'Diputado del Guion del IV Centenario','Señor',10.00);
INSERT INTO `Cargos` VALUE (41,2,'Bandera Negra','Señor',3.00);
INSERT INTO `Cargos` VALUE (42,2,'Diputado de Bandera Negra','Señor',10.00);
INSERT INTO `Cargos` VALUE (43,2,'Regidor','Señor',10.00);
INSERT INTO `Cargos` VALUE (44,2,'Canastilla','Señor',10.00);
INSERT INTO `Cargos` VALUE (45,2,'Censor','Señor',30.00);
INSERT INTO `Cargos` VALUE (46,2,'Segundo Censor','Señor',30.00);
INSERT INTO `Cargos` VALUE (47,2,'Presidencia Señor','Señor',30.00);
INSERT INTO `Cargos` VALUE (48,2,'Capataz Señor','Señor',30.00);
INSERT INTO `Cargos` VALUE (49,2,'Segundo Capataz Señor','Señor',30.00);
INSERT INTO `Cargos` VALUE (50,2,'Auxiliar Señor','Señor',18.00);
INSERT INTO `Cargos` VALUE (51,2,'Bocina Señor','Señor',18.00);
INSERT INTO `Cargos` VALUE (52,2,'Manigueta DI Señor','Señor',30.00);
INSERT INTO `Cargos` VALUE (53,2,'Manigueta DD Señor','Señor',30.00);
INSERT INTO `Cargos` VALUE (54,2,'Manigueta TI Señor','Señor',30.00);
INSERT INTO `Cargos` VALUE (55,2,'Manigueta TD Señor','Señor',30.00);
INSERT INTO `Cargos` VALUE (56,2,'Penitente Señor','Señor',6.00);
INSERT INTO `Cargos` VALUE (57,2,'Penitente Señor con Cruz','Señor',6.00);
INSERT INTO `Cargos` VALUE (74,2,'Simpecado','Virgen',3.00);
INSERT INTO `Cargos` VALUE (75,2,'Farol Simpecado','Virgen',3.00);
INSERT INTO `Cargos` VALUE (58,2,'Libro de Reglas','Virgen',3.00);
INSERT INTO `Cargos` VALUE (59,2,'Diputado de Libro de Reglas','Virgen',10.00);
INSERT INTO `Cargos` VALUE (60,2,'Bandera Morada','Virgen',3.00);
INSERT INTO `Cargos` VALUE (61,2,'Diputado de Bandera Morada','Virgen',10.00);
INSERT INTO `Cargos` VALUE (62,2,'Presidencia Virgen','Virgen',30.00);
INSERT INTO `Cargos` VALUE (63,2,'Capataz Virgen','Virgen',30.00);
INSERT INTO `Cargos` VALUE (64,2,'Segundo Capataz Virgen','Virgen',30.00);
INSERT INTO `Cargos` VALUE (65,2,'Auxiliar Virgen','Virgen',18.00);
INSERT INTO `Cargos` VALUE (66,2,'Bocina Virgen','Virgen',18.00);
INSERT INTO `Cargos` VALUE (67,2,'Manigueta DI Virgen','Virgen',30.00);
INSERT INTO `Cargos` VALUE (68,2,'Manigueta DD Virgen','Virgen',30.00);
INSERT INTO `Cargos` VALUE (69,2,'Manigueta TI Virgen','Virgen',30.00);
INSERT INTO `Cargos` VALUE (70,2,'Manigueta TD Virgen','Virgen',30.00);
INSERT INTO `Cargos` VALUE (71,2,'Penitente Virgen','Virgen',6.00);
INSERT INTO `Cargos` VALUE (72,2,'Penitente Virgen con Cruz','Virgen',6.00);
INSERT INTO `Cargos` VALUE (73,2,'Cirio','Señor',6.00);
INSERT INTO `Cargos` VALUE (76,2,'Cirio','Virgen',6.00);
INSERT INTO `Cargos` VALUE (77,1,'Costalero Oracion','Oracion',6.00);
INSERT INTO `Cargos` VALUE (78,2,'Costalero Señor','Señor',6.00);
INSERT INTO `Cargos` VALUE (79,2,'Costalero Virgen','Virgen',6.00);

-- DOMINGO DE RAMOS
INSERT INTO Puestos (anno,tramo,fila,pareja,cargo) VALUES (2014,1,'',0,1);
INSERT INTO Puestos (anno,tramo,fila,pareja,cargo) VALUES (2014,1,'',0,1);
INSERT INTO Puestos (anno,tramo,fila,pareja,cargo) VALUES (2014,1,'',0,1);
INSERT INTO Puestos (anno,tramo,fila,pareja,cargo) VALUES (2014,1,'',0,1);
INSERT INTO Puestos (anno,tramo,fila,pareja,cargo) VALUES (2014,1,'','',2);
INSERT INTO Puestos (anno,tramo,fila,pareja,cargo) VALUES (2014,1,'','',3);
INSERT INTO Puestos (anno,tramo,fila,pareja,cargo) VALUES (2014,1,'','',3);
INSERT INTO Puestos (anno,tramo,fila,pareja,cargo) VALUES (2014,2,'','',4);
INSERT INTO Puestos (anno,tramo,fila,pareja,cargo) VALUES (2014,2,'','',5);
INSERT INTO Puestos (anno,tramo,fila,pareja,cargo) VALUES (2014,2,'','',5);
INSERT INTO Puestos (anno,tramo,fila,pareja,cargo) VALUES (2014,2,'','',5);
INSERT INTO Puestos (anno,tramo,fila,pareja,cargo) VALUES (2014,2,'','',5);
INSERT INTO Puestos (anno,tramo,fila,pareja,cargo) VALUES (2014,3,'','',6);
INSERT INTO Puestos (anno,tramo,fila,pareja,cargo) VALUES (2014,3,'','',7);
INSERT INTO Puestos (anno,tramo,fila,pareja,cargo) VALUES (2014,3,'','',7);
INSERT INTO Puestos (anno,tramo,fila,pareja,cargo) VALUES (2014,3,'','',7);
INSERT INTO Puestos (anno,tramo,fila,pareja,cargo) VALUES (2014,3,'','',7);
INSERT INTO Puestos (anno,tramo,fila,pareja,cargo) VALUES (2014,5,'','',8);
INSERT INTO Puestos (anno,tramo,fila,pareja,cargo) VALUES (2014,5,'','',9);
INSERT INTO Puestos (anno,tramo,fila,pareja,cargo) VALUES (2014,5,'','',9);
INSERT INTO Puestos (anno,tramo,fila,pareja,cargo) VALUES (2014,5,'','',9);
INSERT INTO Puestos (anno,tramo,fila,pareja,cargo) VALUES (2014,5,'','',9);
INSERT INTO Puestos (anno,tramo,fila,pareja,cargo) VALUES (2014,4,'','',10);
INSERT INTO Puestos (anno,tramo,fila,pareja,cargo) VALUES (2014,4,'','',11);
INSERT INTO Puestos (anno,tramo,fila,pareja,cargo) VALUES (2014,4,'','',11);
INSERT INTO Puestos (anno,tramo,fila,pareja,cargo) VALUES (2014,4,'','',11);
INSERT INTO Puestos (anno,tramo,fila,pareja,cargo) VALUES (2014,4,'','',11);
INSERT INTO Puestos (anno,tramo,fila,pareja,cargo) VALUES (2014,6,'','',12);
INSERT INTO Puestos (anno,tramo,fila,pareja,cargo) VALUES (2014,6,'','',13);
INSERT INTO Puestos (anno,tramo,fila,pareja,cargo) VALUES (2014,6,'','',13);
INSERT INTO Puestos (anno,tramo,fila,pareja,cargo) VALUES (2014,6,'','',13);
INSERT INTO Puestos (anno,tramo,fila,pareja,cargo) VALUES (2014,6,'','',13);
INSERT INTO Puestos (anno,tramo,fila,pareja,cargo) VALUES (2014,1,'','',14);
INSERT INTO Puestos (anno,tramo,fila,pareja,cargo) VALUES (2014,2,'','',14);
INSERT INTO Puestos (anno,tramo,fila,pareja,cargo) VALUES (2014,3,'','',14);
INSERT INTO Puestos (anno,tramo,fila,pareja,cargo) VALUES (2014,4,'','',14);
INSERT INTO Puestos (anno,tramo,fila,pareja,cargo) VALUES (2014,5,'','',14);
INSERT INTO Puestos (anno,tramo,fila,pareja,cargo) VALUES (2014,6,'','',14);
INSERT INTO Puestos (anno,tramo,fila,pareja,cargo) VALUES (2014,1,'','',15);
INSERT INTO Puestos (anno,tramo,fila,pareja,cargo) VALUES (2014,2,'','',15);
INSERT INTO Puestos (anno,tramo,fila,pareja,cargo) VALUES (2014,3,'','',15);
INSERT INTO Puestos (anno,tramo,fila,pareja,cargo) VALUES (2014,4,'','',15);
INSERT INTO Puestos (anno,tramo,fila,pareja,cargo) VALUES (2014,5,'','',15);
INSERT INTO Puestos (anno,tramo,fila,pareja,cargo) VALUES (2014,6,'','',15);
INSERT INTO Puestos (anno,tramo,fila,pareja,cargo) VALUES (2014,6,'',21,16);
INSERT INTO Puestos (anno,tramo,fila,pareja,cargo) VALUES (2014,6,'',21,17);
INSERT INTO Puestos (anno,tramo,fila,pareja,cargo) VALUES (2014,6,'',22,18);
INSERT INTO Puestos (anno,tramo,fila,pareja,cargo) VALUES (2014,6,'',22,18);
INSERT INTO Puestos (anno,tramo,fila,pareja,cargo) VALUES (2014,6,'',22,18);
INSERT INTO Puestos (anno,tramo,fila,pareja,cargo) VALUES (2014,6,'',22,18);
INSERT INTO Puestos (anno,tramo,fila,pareja,cargo) VALUES (2014,6,'',22,18);
INSERT INTO Puestos (anno,tramo,fila,pareja,cargo) VALUES (2014,0,'',0,19);
INSERT INTO Puestos (anno,tramo,fila,pareja,cargo) VALUES (2014,0,'',0,20);
INSERT INTO Puestos (anno,tramo,fila,pareja,cargo) VALUES (2014,0,'',0,21);
INSERT INTO Puestos (anno,tramo,fila,pareja,cargo) VALUES (2014,6,'',23,22);
INSERT INTO Puestos (anno,tramo,fila,pareja,cargo) VALUES (2014,6,'',23,22);
INSERT INTO Puestos (anno,tramo,fila,pareja,cargo) VALUES (2014,6,'',24,23);
INSERT INTO Puestos (anno,tramo,fila,pareja,cargo) VALUES (2014,6,'',24,24);
INSERT INTO Puestos (anno,tramo,fila,pareja,cargo) VALUES (2014,6,'',25,25);
INSERT INTO Puestos (anno,tramo,fila,pareja,cargo) VALUES (2014,6,'',25,26);
INSERT INTO Puestos (anno,tramo,fila,pareja,cargo) VALUES (2014,7,'','',27);
INSERT INTO Puestos (anno,tramo,fila,pareja,cargo) VALUES (2014,7,'','',28);

-- VIERNES SANTO SENOR
INSERT INTO Puestos (anno,tramo,fila,pareja,cargo) VALUES (2014,1,'',0,30);
INSERT INTO Puestos (anno,tramo,fila,pareja,cargo) VALUES (2014,1,'',0,30);
INSERT INTO Puestos (anno,tramo,fila,pareja,cargo) VALUES (2014,1,'',0,30);
INSERT INTO Puestos (anno,tramo,fila,pareja,cargo) VALUES (2014,1,'',0,30);
INSERT INTO Puestos (anno,tramo,fila,pareja,cargo) VALUES (2014,1,'','',31);
INSERT INTO Puestos (anno,tramo,fila,pareja,cargo) VALUES (2014,1,'','',32);
INSERT INTO Puestos (anno,tramo,fila,pareja,cargo) VALUES (2014,1,'','',32);
INSERT INTO Puestos (anno,tramo,fila,pareja,cargo) VALUES (2014,2,'','',33);
INSERT INTO Puestos (anno,tramo,fila,pareja,cargo) VALUES (2014,2,'','',34);
INSERT INTO Puestos (anno,tramo,fila,pareja,cargo) VALUES (2014,2,'','',34);
INSERT INTO Puestos (anno,tramo,fila,pareja,cargo) VALUES (2014,2,'','',34);
INSERT INTO Puestos (anno,tramo,fila,pareja,cargo) VALUES (2014,2,'','',34);
INSERT INTO Puestos (anno,tramo,fila,pareja,cargo) VALUES (2014,3,'','',35);
INSERT INTO Puestos (anno,tramo,fila,pareja,cargo) VALUES (2014,3,'','',36);
INSERT INTO Puestos (anno,tramo,fila,pareja,cargo) VALUES (2014,3,'','',36);
INSERT INTO Puestos (anno,tramo,fila,pareja,cargo) VALUES (2014,3,'','',36);
INSERT INTO Puestos (anno,tramo,fila,pareja,cargo) VALUES (2014,3,'','',36);
INSERT INTO Puestos (anno,tramo,fila,pareja,cargo) VALUES (2014,4,'','',37);
INSERT INTO Puestos (anno,tramo,fila,pareja,cargo) VALUES (2014,4,'','',38);
INSERT INTO Puestos (anno,tramo,fila,pareja,cargo) VALUES (2014,4,'','',38);
INSERT INTO Puestos (anno,tramo,fila,pareja,cargo) VALUES (2014,4,'','',38);
INSERT INTO Puestos (anno,tramo,fila,pareja,cargo) VALUES (2014,4,'','',38);
INSERT INTO Puestos (anno,tramo,fila,pareja,cargo) VALUES (2014,5,'','',39);
INSERT INTO Puestos (anno,tramo,fila,pareja,cargo) VALUES (2014,5,'','',40);
INSERT INTO Puestos (anno,tramo,fila,pareja,cargo) VALUES (2014,5,'','',40);
INSERT INTO Puestos (anno,tramo,fila,pareja,cargo) VALUES (2014,5,'','',40);
INSERT INTO Puestos (anno,tramo,fila,pareja,cargo) VALUES (2014,5,'','',40);
INSERT INTO Puestos (anno,tramo,fila,pareja,cargo) VALUES (2014,6,'','',41);
INSERT INTO Puestos (anno,tramo,fila,pareja,cargo) VALUES (2014,6,'','',42);
INSERT INTO Puestos (anno,tramo,fila,pareja,cargo) VALUES (2014,6,'','',42);
INSERT INTO Puestos (anno,tramo,fila,pareja,cargo) VALUES (2014,6,'','',42);
INSERT INTO Puestos (anno,tramo,fila,pareja,cargo) VALUES (2014,6,'','',42);
INSERT INTO Puestos (anno,tramo,fila,pareja,cargo) VALUES (2014,1,'','',43);
INSERT INTO Puestos (anno,tramo,fila,pareja,cargo) VALUES (2014,2,'','',43);
INSERT INTO Puestos (anno,tramo,fila,pareja,cargo) VALUES (2014,3,'','',43);
INSERT INTO Puestos (anno,tramo,fila,pareja,cargo) VALUES (2014,4,'','',43);
INSERT INTO Puestos (anno,tramo,fila,pareja,cargo) VALUES (2014,5,'','',43);
INSERT INTO Puestos (anno,tramo,fila,pareja,cargo) VALUES (2014,6,'','',43);
INSERT INTO Puestos (anno,tramo,fila,pareja,cargo) VALUES (2014,8,'','',43);
INSERT INTO Puestos (anno,tramo,fila,pareja,cargo) VALUES (2014,9,'','',43);
INSERT INTO Puestos (anno,tramo,fila,pareja,cargo) VALUES (2014,10,'','',43);
INSERT INTO Puestos (anno,tramo,fila,pareja,cargo) VALUES (2014,1,'','',44);
INSERT INTO Puestos (anno,tramo,fila,pareja,cargo) VALUES (2014,2,'','',44);
INSERT INTO Puestos (anno,tramo,fila,pareja,cargo) VALUES (2014,3,'','',44);
INSERT INTO Puestos (anno,tramo,fila,pareja,cargo) VALUES (2014,4,'','',44);
INSERT INTO Puestos (anno,tramo,fila,pareja,cargo) VALUES (2014,5,'','',44);
INSERT INTO Puestos (anno,tramo,fila,pareja,cargo) VALUES (2014,6,'','',44);
INSERT INTO Puestos (anno,tramo,fila,pareja,cargo) VALUES (2014,8,'','',44);
INSERT INTO Puestos (anno,tramo,fila,pareja,cargo) VALUES (2014,9,'','',44);
INSERT INTO Puestos (anno,tramo,fila,pareja,cargo) VALUES (2014,10,'','',44);
INSERT INTO Puestos (anno,tramo,fila,pareja,cargo) VALUES (2014,6,'',21,45);
INSERT INTO Puestos (anno,tramo,fila,pareja,cargo) VALUES (2014,6,'',21,46);
INSERT INTO Puestos (anno,tramo,fila,pareja,cargo) VALUES (2014,6,'',22,47);
INSERT INTO Puestos (anno,tramo,fila,pareja,cargo) VALUES (2014,6,'',22,47);
INSERT INTO Puestos (anno,tramo,fila,pareja,cargo) VALUES (2014,6,'',22,47);
INSERT INTO Puestos (anno,tramo,fila,pareja,cargo) VALUES (2014,6,'',22,47);
INSERT INTO Puestos (anno,tramo,fila,pareja,cargo) VALUES (2014,6,'',22,47);
INSERT INTO Puestos (anno,tramo,fila,pareja,cargo) VALUES (2014,0,'',0,48);
INSERT INTO Puestos (anno,tramo,fila,pareja,cargo) VALUES (2014,0,'',0,49);
INSERT INTO Puestos (anno,tramo,fila,pareja,cargo) VALUES (2014,0,'',0,50);
INSERT INTO Puestos (anno,tramo,fila,pareja,cargo) VALUES (2014,6,'',23,51);
INSERT INTO Puestos (anno,tramo,fila,pareja,cargo) VALUES (2014,6,'',23,51);
INSERT INTO Puestos (anno,tramo,fila,pareja,cargo) VALUES (2014,6,'',24,52);
INSERT INTO Puestos (anno,tramo,fila,pareja,cargo) VALUES (2014,6,'',24,53);
INSERT INTO Puestos (anno,tramo,fila,pareja,cargo) VALUES (2014,6,'',25,54);
INSERT INTO Puestos (anno,tramo,fila,pareja,cargo) VALUES (2014,6,'',25,55);
INSERT INTO Puestos (anno,tramo,fila,pareja,cargo) VALUES (2014,7,'',1,56);
INSERT INTO Puestos (anno,tramo,fila,pareja,cargo) VALUES (2014,7,'',2,57);

-- VIERNES SANTO VIRGEN
INSERT INTO Puestos (anno,tramo,fila,pareja,cargo) VALUES (2014,8,'','',74);
INSERT INTO Puestos (anno,tramo,fila,pareja,cargo) VALUES (2014,8,'','',75);
INSERT INTO Puestos (anno,tramo,fila,pareja,cargo) VALUES (2014,8,'','',75);
INSERT INTO Puestos (anno,tramo,fila,pareja,cargo) VALUES (2014,9,'','',58);
INSERT INTO Puestos (anno,tramo,fila,pareja,cargo) VALUES (2014,9,'','',59);
INSERT INTO Puestos (anno,tramo,fila,pareja,cargo) VALUES (2014,9,'','',59);
INSERT INTO Puestos (anno,tramo,fila,pareja,cargo) VALUES (2014,9,'','',59);
INSERT INTO Puestos (anno,tramo,fila,pareja,cargo) VALUES (2014,9,'','',59);
INSERT INTO Puestos (anno,tramo,fila,pareja,cargo) VALUES (2014,10,'','',60);
INSERT INTO Puestos (anno,tramo,fila,pareja,cargo) VALUES (2014,10,'','',61);
INSERT INTO Puestos (anno,tramo,fila,pareja,cargo) VALUES (2014,10,'','',61);
INSERT INTO Puestos (anno,tramo,fila,pareja,cargo) VALUES (2014,10,'','',61);
INSERT INTO Puestos (anno,tramo,fila,pareja,cargo) VALUES (2014,10,'','',61);
INSERT INTO Puestos (anno,tramo,fila,pareja,cargo) VALUES (2014,10,'',21,62);
INSERT INTO Puestos (anno,tramo,fila,pareja,cargo) VALUES (2014,10,'',21,62);
INSERT INTO Puestos (anno,tramo,fila,pareja,cargo) VALUES (2014,10,'',21,62);
INSERT INTO Puestos (anno,tramo,fila,pareja,cargo) VALUES (2014,10,'',21,62);
INSERT INTO Puestos (anno,tramo,fila,pareja,cargo) VALUES (2014,10,'',21,62);
INSERT INTO Puestos (anno,tramo,fila,pareja,cargo) VALUES (2014,0,'','',63);
INSERT INTO Puestos (anno,tramo,fila,pareja,cargo) VALUES (2014,0,'','',64);
INSERT INTO Puestos (anno,tramo,fila,pareja,cargo) VALUES (2014,0,'','',65);
INSERT INTO Puestos (anno,tramo,fila,pareja,cargo) VALUES (2014,10,'',22,66);
INSERT INTO Puestos (anno,tramo,fila,pareja,cargo) VALUES (2014,10,'',22,66);
INSERT INTO Puestos (anno,tramo,fila,pareja,cargo) VALUES (2014,10,'',23,67);
INSERT INTO Puestos (anno,tramo,fila,pareja,cargo) VALUES (2014,10,'',23,68);
INSERT INTO Puestos (anno,tramo,fila,pareja,cargo) VALUES (2014,10,'',24,69);
INSERT INTO Puestos (anno,tramo,fila,pareja,cargo) VALUES (2014,10,'',24,70);
INSERT INTO Puestos (anno,tramo,fila,pareja,cargo) VALUES (2014,11,'',1,71);
INSERT INTO Puestos (anno,tramo,fila,pareja,cargo) VALUES (2014,11,'',2,72);


